{
  "data":[
    {
      "dst": [37.752644,-122.446876],
      "time": 10
    },
    {
      "dst": [37.745043,-122.441379],
      "time": 15
    },
    {
      "dst": [37.742057,-122.416300],
      "time": 5
    },
    {
      "dst": [37.755902,-122.399466],
      "time": 20
    }
  ]
}